<?xml version="1.0" encoding="UTF-8"?>
<beans xmlns="http://www.springframework.org/schema/beans"
    xmlns:xsi="http://www.w3.org/2001/XMLSchema-instance" xmlns:context="http://www.springframework.org/schema/context"
    xmlns:mybatis-spring="http://mybatis.org/schema/mybatis-spring"
    xsi:schemaLocation="http://mybatis.org/schema/mybatis-spring http://mybatis.org/schema/mybatis-spring-1.2.xsd
        http://www.springframework.org/schema/beans http://www.springframework.org/schema/beans/spring-beans.xsd
        http://www.springframework.org/schema/context http://www.springframework.org/schema/context/spring-context-4.1.xsd">
    <!-- Root Context: defines shared resources visible to all other web components -->
    
    <bean id="dataSource" class="org.springframework.jdbc.datasource.DriverManagerDataSource">
        <!-- 드라이버 클래스 이름이 변경됨 -->
        <property name="driverClassName" value="net.sf.log4jdbc.sql.jdbcapi.DriverSpy"/>
        <!-- 연결문자열에 log4jdbc가 추가됨 -->
        <property name="url" value="jdbc:log4jdbc:mysql://127.0.0.1:3306/processdb?allowPublicKeyRetrieval=true&amp;useSSL=false&amp;serverTimezone=UTC"/>
        <property name="username" value="process_user"/>
        <property name="password" value="1111"/>
    </bean>
    
    <!-- 아파치 DBCP 설정 -->
    <!-- <bean id="dataSource" class="org.apache.commons.dbcp.BasicDataSource" destroy-method="close"> 
            <property name="driverClassName" value="oracle.jdbc.driver.OracleDriver"/> 
            <property name="url" value="jdbc:oracle:thin:@localhost:1521:orcl" /> 
            <property name="username" value="java" /> <property name="password" value="java1234"/> 
        </bean> -->
    
    <!-- SqlSessionFactory 객체 주입 -->
    <!-- sqlSessionFactory는 dataSource를 참조 -->
    <bean id="sqlSessionFactory" class="org.mybatis.spring.SqlSessionFactoryBean">
        <property name="dataSource" ref="dataSource"/>
        <!-- mybtis 환경설정파일 위치 참조 -->
        <property name="configLocation" value="classpath:/mybatis-config.xml"/>
        <!-- mybatis mapper의 위치와 네이밍 규칙설정 -->
        <!-- classpath : src/main/resources를 의미 -->
        <!-- ** : 디렉토리를 의미 -->
        <!-- * : 파일명을 의미 -->
        <property name="mapperLocations" value="classpath:mappers/**/*Mapper.xml"/>
    </bean>
    
    <!-- SqlSession 객체 주입 -->
    <!-- sqlSession은 sqlSessionFactory를 참조 -->
    <bean id="sqlSession" class="org.mybatis.spring.SqlSessionTemplate" destroy-method="clearCache">
        <constructor-arg name="sqlSessionFactory" ref="sqlSessionFactory"/>
    </bean>
 
</beans>
